Gene start, Gene end, Frame (1 & 4 =top; 2 & 5 = middle; 3 & 6 = bottom), Orientation (1=left to right; 2 = right to left)
0,9293,3,1
0,873,3,1
874,2253,3,1
2254,3364,3,1
3365,3521,3,1
3522,5426,3,1
5427,5585,3,1
5586,6149,3,1
6150,6888,3,1
6889,8465,3,1
8466,9289,3,1
2772,3003,2,1

CSV Code:, 6
MAXCHI plot for event #7
Y-axis label:, -Log(chi2 p-val)
X-axis label:, Position in alignment
Maximum X-axis value:,9594
Beginning breakpoint 99% CI:,2588,3983
Ending breakpoint 99% CI:,8765,9594
Beginning breakpoint 95% CI:,2737,3674
Ending breakpoint 95% CI:,8870,9594
Beginning breakpoint site,3498
Ending breakpoint site,9310

Plot data
Lower cutoff dotted line:,2.99573227355399
Upper cutoff dotted line:,4.66275783168157
Plot colours:,yellow, purple, green
, Major parent - Minor parent, Major parent - Recombinant, Minor parent - Recombinant
Position in alignment,R - T,R - U,T - U
4,0.5215384,19.49061,16.6362
6,0.3372969,19.21582,16.6362
26,0.3372969,18.94291,16.4043
46,0.3372969,18.67183,16.17313
50,0.3372969,18.92157,16.472
60,0.1591456,18.65376,16.472
72,0.1591456,18.38762,16.24312
79,0.1591456,18.12311,16.01489
92,0.1591456,18.37871,16.3195
113,0.1591456,17.86018,16.09354
131,0,17.59876,16.09354
145,0,17.33881,15.86816
156,0,16.82035,15.33382
163,0,16.30188,14.79948
166,0.4138102,16.5618,14.57241
168,0.4138102,16.30458,14.34576
173,0.4138102,16.30458,14.34576
176,0.2285364,16.04865,14.34576
178,0.2285364,15.79395,14.11951
186,0.2285364,15.54043,13.89361
194,4.953868E-02,15.28806,13.89361
220,4.953868E-02,15.03677,13.66802
258,4.953868E-02,14.78653,13.44271
276,0,14.26699,13.21764
279,0,14.01746,12.99276
282,0,13.76885,12.76803
290,0,13.52112,12.76803
298,0,13.27422,12.54342
300,0,13.0281,12.31888
310,0,12.78273,12.09437
332,0,12.26092,11.54333
358,0,12.01575,11.31708
372,0,12.01575,11.31708
388,0,12.29402,11.31708
403,0,12.01575,10.99229
408,0,11.77119,10.76431
412,0,11.5272,10.53616
429,0,11.28374,10.53616
446,0,11.04077,10.30778
454,0,10.51611,9.751384
468,0,10.79823,10.07914
480,0,10.5561,9.850175
490,0,10.5561,9.850175
502,0,10.31432,9.620844
526,0,10.60047,9.955493
552,0,10.3601,9.727432
570,0,10.64932,10.06771
597,0,10.64932,10.06771
621,0,10.41034,9.840988
630,0,10.17157,9.840988
638,0,9.932971,9.613766
644,0,9.694492,9.385993
648,0,9.40076,9.385993
652,0,9.161239,9.157612
656,0,9.161239,9.157612
662,0,8.921752,8.928564
679,0,9.217721,9.282589
702,0,9.515978,9.054811
736,0,8.979336,8.826267
766,0,8.740889,8.596893
774,0,8.502333,8.366623
777,0,8.80406,8.135386
780,0.3090171,9.108303,7.90311
785,0.1219255,8.871947,7.90311
794,0.1219255,8.635386,7.324968
803,0.1219255,8.398568,7.032842
816,0.1219255,8.161446,6.732045
834,0,7.923965,6.732045
845,0,8.237111,6.4384
850,0,8.000485,6.151108
853,0,7.447557,5.866364
856,0,7.147044,5.584485
874,0,6.844244,5.584485
906,0,6.544543,5.306648
922,0,6.25395,5.033146
926,0,5.967712,4.76375
933,0,5.684885,4.498266
942,0.2074078,6.069503,4.23667
950,0.2074078,5.78556,3.979032
955,0.2074078,5.505705,3.725419
972,0.2074078,5.893526,4.131347
988,0.2074078,5.612043,3.87405
1000,0.2074078,5.335242,3.620662
1011,0.2074078,4.696276,2.989145
1020,0.7273871,5.063485,2.752044
1032,0.7273871,4.79656,2.519203
1042,0.7273871,4.534247,2.290701
1050,0.7273871,3.929676,2.066623
1066,0.7273871,3.929676,2.066623
1080,0.7273871,3.68361,1.847071
1082,0.7273871,3.442331,1.632153
1086,0.4035091,2.896739,1.421996
1088,0.1219255,2.386331,1.216742
1093,0.1219255,2.174673,1.016552
1108,0,1.712069,0.8216068
1120,0,1.284433,0.632108
1127,0,1.104072,0.4482821
1134,0,0.7244993,0.4482821
1136,0,0.3793378,0.4482821
1150,0,0.207685,0.2113714
1162,0,6.806182E-02,4.555001E-02
1170,0,0,0
1178,0,0,0
1184,0,0,0
1194,0,0,0
1204,0,0,0
1209,0,0,0
1215,0,0,0
1234,0,0,0
1278,0,0,0
1312,0,0,0
1324,0,0,0
1358,0,0,0
1382,0,0,0
1386,0,0,0
1396,0,0,0
1412,0,0,0
1424,0,0,0
1432,0,0,0
1452,0,0,0
1472,0,9.000458E-02,0
1477,0,0.4075501,0
1485,0,0.7598091,0.3834768
1494,0,0.7598091,0.2113714
1512,0,0.9291756,0.3834768
1530,0,1.104072,0.5616038
1540,0,1.284433,0.7455147
1562,0,1.470198,0.9349949
1581,0,1.910901,1.421996
1588,0,1.910901,1.421996
1602,0,2.114939,1.421996
1628,0,2.324141,1.632153
1647,0,2.824798,2.184901
1706,0,2.53847,2.184901
1766,0,2.757894,2.413825
1774,0,2.982383,2.647
1797,0,2.69562,2.290701
1818,0,2.422427,1.959835
1822,0,2.917994,2.17931
1830,4.953868E-02,3.14548,2.17931
1838,4.953868E-02,3.378067,2.403362
1840,4.953868E-02,3.615754,2.631903
1844,4.953868E-02,3.858542,2.864857
1852,4.953868E-02,4.106432,3.102154
1860,4.953868E-02,4.359402,3.343738
1871,4.953868E-02,4.359402,3.343738
1886,0.2285364,4.617409,3.343738
1898,0,4.037579,3.343738
1906,0,4.289015,3.589567
1911,0,4.545586,3.839609
1917,0,4.807267,3.839609
1922,0,5.074135,4.093831
1926,0,5.346434,4.352177
1952,0,5.624388,4.614574
2007,0,5.275941,4.217741
2064,0,5.275941,4.217741
2091,0,5.552804,4.477141
2096,0.2285364,6.194869,4.740684
2102,0.2285364,5.835228,4.350261
2108,0.2285364,6.122124,4.611044
2110,0.2285364,6.412919,4.876075
2115,0.2285364,6.711196,5.145447
2120,0.4138102,7.018762,5.145447
2127,0.4138102,6.641755,4.753528
2134,0.4138102,7.319277,5.41941
2142,0.4138102,7.319277,5.41941
2150,0.4138102,7.906051,5.698067
2157,0.4138102,7.906051,5.698067
2169,0.4138102,8.442693,6.409209
2176,0.4138102,8.682252,6.702233
2180,0.4138102,9.217721,7.458367
2187,0.4138102,9.217721,7.458367
2194,0.4138102,9.456091,8.004456
2199,0.4138102,9.694492,8.2368
2206,0.4138102,9.932971,8.468223
2212,0.4138102,10.17157,8.698788
2220,0.1591456,9.880087,8.698788
2246,0.1591456,10.11998,8.928564
2269,0.1591456,10.3601,9.157612
2276,0.1591456,10.60047,9.385993
2282,0.3372969,11.12809,9.736094
2287,0.6049982,11.65571,9.96194
2296,0.1591456,11.36796,10.18726
2320,0.1591456,11.60823,10.4121
2340,0.1591456,11.84892,10.63652
2346,0.6049982,12.37427,10.63652
2350,0.9050733,12.89961,10.86057
2355,0.9050733,13.13941,11.08429
2360,0.9050733,13.3798,11.30775
2365,0.9050733,13.62083,11.53099
2371,0.9050733,13.86253,11.75404
2378,0.9050733,14.10495,11.97697
2382,0.9050733,14.62725,12.19981
2384,0.9050733,14.86993,12.42261
2388,0.9050733,15.11345,12.6454
2391,0.9050733,15.35786,12.86824
2394,0.9050733,15.60319,13.09117
2402,0.9050733,15.84949,13.31421
2412,0.9050733,16.09681,13.53743
2418,0.9050733,16.34518,13.76085
2424,0.9050733,16.59465,13.98451
2430,1.241281,16.86473,13.98451
2434,1.241281,17.11395,14.20846
2440,1.241281,17.36435,14.43274
2450,1.241281,17.88342,14.97186
2462,1.241281,18.13487,15.19523
2468,1.241281,18.38762,15.41905
2472,1.241281,18.12311,15.10788
2475,1.617959,18.64173,15.33382
2478,1.617959,18.89724,15.56028
2486,1.850732,19.15421,15.56028
2497,2.087209,18.89421,15.56028
2502,2.087209,18.89421,15.56028
2522,2.087209,19.15421,15.78729
2564,2.087209,19.41578,16.01489
2621,1.688047,19.16035,16.01489
2690,1.114254,18.90636,16.24312
2730,1.114254,18.90636,16.24312
2742,0.6049982,18.65376,16.472
2773,0.1591456,18.40249,16.70159
2820,0.1591456,18.67183,16.93192
2928,0,18.42337,17.16302
3038,0,17.90382,17.16302
3086,0,17.65631,16.86887
3144,0,17.93013,16.86887
3185,0,18.20578,16.86887
3274,0,17.96241,16.86887
3390,0,18.24148,16.86887
3440,0,18.00074,16.34281
3470,0,18.28336,16.34281
3498,0,18.56805,16.34281
3568,0,18.3315,16.05167
3648,0,18.09594,15.76271
3699,0,17.86136,15.47587
3726,0.2113714,17.86136,15.19105
3732,0,17.86136,15.71446
3748,0,17.6277,15.43104
3780,0,17.3367,15.19105
3804,0,16.81204,15.19105
3812,0,16.5239,14.66764
3849,0,15.99988,14.14424
3898,0,15.76271,13.86253
3936,0,15.23805,13.86253
3972,0,14.71339,13.33969
3993,0,14.18873,12.81686
4030,0,13.9503,12.53805
4068,0,13.42495,12.01575
4104,0,13.13941,12.29402
4224,0,12.61475,11.77119
4324,0,12.09009,11.24835
4336,0,11.56543,10.72551
4370,0,11.32358,10.20268
4443,0,10.79823,9.679842
4506,0,10.79823,9.679842
4552,0,10.27289,9.679842
4605,0,9.747548,9.157006
4654,0,9.222204,8.63417
4706,0,8.942123,8.63417
4835,0,8.417462,8.111334
4999,0,7.892801,7.224635
5059,0,7.258016,6.911166
5066,0,6.911166,6.597395
5076,0,6.262595,5.965951
5114,0,5.644366,5.965951
5162,0,5.052373,5.358452
5191,0,4.488808,4.779615
5207,0,3.952513,4.228465
5225,0,3.443659,3.704711
5286,0,2.962173,3.208463
5338,0,2.962173,3.208463
5358,0,2.73956,3.208463
5428,0,2.962173,3.208463
5490,0,2.507885,2.73956
5498,0,2.08066,2.297852
5504,0,1.68034,2.297852
5516,0,1.306731,1.883198
5530,0,0.9596127,1.495421
5584,0,0.7996391,1.306731
5657,0,0.638728,1.134314
5716,0,0.638728,1.134314
5748,0,0.3437736,0.7996391
5766,0,0.2084164,0.638728
5841,0,7.439332E-02,0.4911161
5920,0,0,0.3437736
5946,0,0,0.2035595
5972,0,0,0
6012,0,0,0
6055,0,0,0
6127,0,0,0
6201,0,0,0
6261,0,0,0
6334,0,0,0
6394,0,0,0
6439,0,0,0
6460,0,0,0
6462,0,0,0
6479,0,0,0
6504,0,0,0
6533,0,0,0
6592,0,0,0
6636,0,0,0
6665,0,0,0
6703,0,0,0
6722,0,0,0
6732,0,0.2138937,0
6736,0,0.3559686,0
6780,0,0.4978637,7.439332E-02
6833,0,0.8077961,0.3437736
6854,0,1.144021,0.638728
6974,0,1.506819,0.638728
7119,0,1.89643,0.9596127
7159,0,2.31306,1.306731
7169,0,2.756886,1.68034
7194,0,3.228052,2.08066
7264,0,3.485224,2.507885
7342,0,3.999042,2.962173
7380,0,4.540568,3.443659
7516,0,4.837249,3.685214
7648,0,5.422203,4.206707
7692,0,6.035822,4.755483
7788,0,6.674338,5.331767
7876,0,7.032336,5.936667
7976,0,7.962362,6.5653
8070,0,8.489984,7.224635
8101,0,9.017604,8.111334
8112,0,9.017604,8.111334
8154,0,9.545225,8.63417
8216,0,10.07285,9.157006
8240,0,10.60047,9.679842
8254,0,11.12809,10.20268
8286,0,11.65571,10.72551
8334,0,11.89479,11.00379
8377,0,12.42161,11.5272
8418,0,12.94843,12.05061
8475,0,13.47526,12.05061
8508,0,13.71249,12.05061
8512,0,13.71249,12.05061
8526,0,14.23855,12.57401
8545,0,14.76461,13.09742
8582,0,15.00098,13.09742
8633,0,15.23805,13.62083
8660,0,15.23805,13.62083
8716,0,15.47587,14.14424
8816,0,15.71446,14.66764
8872,0,16.23787,15.19105
8888,0,16.47671,15.71446
8902,0,16.19415,15.71446
8974,0,16.19415,15.99988
9048,0,16.47671,15.71446
9053,0,16.99955,15.71446
9055,0,16.99955,15.43104
9066,9.869124E-02,17.52238,15.43104
9120,0.2703823,17.52238,15.19105
9277,0.7115688,18.04522,15.19105
9423,0.7115688,18.56805,15.19105
9513,0.7115688,18.80566,15.47587
9573,0.7115688,19.04435,15.76271
9576,0.7115688,19.28416,16.05167
9578,0.7115688,19.52514,16.34281
9583,0.5215384,19.76733,16.86887
9590,0.5215384,19.76733,16.86887
9594,0.5215384,19.62897,16.75253
