CSV Code:, 14
Y-axis label:, Rho(4Ner) per bp
X-axis label:, Position in alignment
Maximum X-axis value:,9556
Plot data
Position in alignment, Mean Rho/bp, -95% CI, +95% CI
40,3.4038,2.34183,5.1635
48,3.4038,2.34183,5.1635
56,3.4038,2.34183,5.1635
62,3.4038,2.34183,5.1635
64,3.4038,2.34183,5.1635
65,3.4038,2.34183,5.1635
72,3.4038,2.34183,5.1635
80,3.4038,2.34183,5.1635
86,3.4038,2.34183,5.1635
91,3.4038,2.34183,5.1635
96,3.4038,2.34183,5.1635
98,3.4038,2.34183,5.1635
102,3.4038,2.34183,5.1635
110,3.4038,2.34183,5.1635
120,3.4038,2.34183,5.1635
122,3.4038,2.34183,5.1635
123,3.4038,2.34183,5.1635
126,3.4038,2.34183,5.1635
128,3.4038,2.34183,5.1635
131,3.4038,2.34183,5.1635
134,3.4038,2.34183,5.1635
135,3.4038,2.34183,5.1635
139,3.4038,2.34183,5.1635
144,3.4038,2.34183,5.1635
146,3.4038,2.34183,5.1635
146,3.4038,2.34183,5.1635
148,3.4038,2.34183,5.1635
152,3.4038,2.34183,5.1635
160,3.4038,2.34183,5.1635
169,3.4038,2.34183,5.1635
176,3.4038,2.34183,5.1635
178,3.4038,2.34183,5.1635
182,3.4038,2.34183,5.1635
186,3.4038,2.34183,5.1635
188,3.4038,2.34183,5.1635
193,3.4038,2.34183,5.1635
196,3.4038,2.34183,5.1635
201,3.4038,2.34183,5.1635
206,3.4038,2.34183,5.1635
214,3.4038,2.34183,5.1635
223,3.4038,2.34183,5.1635
227,3.4038,2.34183,5.1635
232,3.4038,2.34183,5.1635
238,3.4038,2.34183,5.1635
240,3.4038,2.34183,5.1635
242,3.4038,2.34183,5.1635
246,3.4038,2.34183,5.1635
250,3.4038,2.34183,5.1635
252,3.4038,2.34183,5.1635
254,3.4038,2.34183,5.1635
257,3.4038,2.34183,5.1635
266,3.4038,2.34183,5.1635
274,3.4038,2.34183,5.1635
276,3.39688,2.32743,5.1635
280,3.37193,2.30639,5.1635
282,3.25943,0.4447,5.08142
289,3.11999,0.29433,4.81367
296,3.10408,0.2933,4.64039
300,3.09401,0.2933,4.63559
305,3.09401,0.2933,4.586
309,3.09401,0.2933,4.586
312,3.09401,0.2933,4.586
314,3.09401,0.2933,4.586
316,3.11446,0.3065,4.586
318,3.35688,2.31438,4.63559
322,3.38321,2.34183,4.98581
336,3.38321,2.34183,4.98581
352,3.38321,2.34183,4.98581
356,3.38321,2.34183,4.98581
358,3.38321,2.34183,4.98581
361,3.38321,2.34183,4.98581
376,3.38321,2.34183,4.98581
390,3.38321,2.34183,4.98581
390,3.38321,2.34183,4.98581
416,3.38321,2.34183,4.98581
446,3.38321,2.34183,4.98581
456,3.38321,2.34183,4.98581
462,3.38321,2.34183,4.98581
464,3.38321,2.34183,4.98581
467,3.38321,2.34183,4.98581
470,3.38321,2.34183,4.98581
477,3.38321,2.34183,4.98581
482,3.38321,2.34183,4.98581
485,3.38321,2.34183,4.98581
496,3.38321,2.34183,4.98581
508,3.38321,2.34183,4.98581
518,3.38321,2.34183,4.98581
528,3.38321,2.34183,4.98581
534,3.38321,2.34183,4.98581
540,3.38321,2.34183,4.98581
542,3.38321,2.34183,4.98581
544,3.38335,2.34183,4.98581
546,3.38335,2.34183,4.98581
548,3.38335,2.34183,4.98581
550,3.38335,2.34183,4.98581
554,3.38335,2.34183,4.98581
562,3.38335,2.34183,4.98581
568,3.38335,2.34183,4.98581
572,3.38335,2.34183,4.98581
579,3.38335,2.34183,4.98581
588,3.38335,2.34183,4.98581
594,3.38335,2.34183,4.98581
601,3.38335,2.34183,4.98581
604,3.38335,2.34183,4.98581
606,3.38335,2.34183,4.98581
608,3.38335,2.34183,4.98581
611,3.37029,2.31866,4.98581
614,0.19878,0.16332,4.98581
618,0.19878,0.16332,0.24449
620,0.19878,0.16332,0.24449
623,0.19878,0.16332,0.24449
628,0.19878,0.16332,0.24449
632,0.19878,0.16332,0.24449
636,0.19878,0.16332,0.24449
638,0.19878,0.16332,0.24449
646,0.19878,0.16332,0.24449
654,0.19878,0.16332,0.24449
657,0.19878,0.16332,0.24449
660,0.19878,0.16332,0.24449
678,0.19878,0.16332,0.24449
696,0.19878,0.16332,0.24449
698,0.19878,0.16332,0.24449
703,0.19878,0.16332,0.24449
708,0.19878,0.16332,0.24449
714,0.19878,0.16332,0.24449
722,0.19878,0.16332,0.24449
730,0.19878,0.16332,0.24449
738,0.19878,0.16332,0.24449
740,0.19878,0.16332,0.24449
752,0.19878,0.16332,0.24449
771,0.19878,0.16332,0.24449
782,0.19878,0.16332,0.24449
786,0.19878,0.16332,0.24449
790,0.19878,0.16332,0.24449
794,0.19878,0.16332,0.24449
798,0.19878,0.16332,0.24449
804,0.19878,0.16332,0.24449
814,0.19878,0.16332,0.24449
820,0.19878,0.16332,0.24449
820,0.19878,0.16332,0.24449
822,0.19878,0.16332,0.24449
828,0.19878,0.16332,0.24449
838,0.19878,0.16332,0.24449
845,0.19878,0.16332,0.24449
852,0.19878,0.16332,0.24449
862,0.19878,0.16332,0.24449
870,0.19878,0.16332,0.24449
874,0.19878,0.16332,0.24449
880,0.19878,0.16332,0.24449
895,0.19878,0.16332,0.24449
906,0.19878,0.16332,0.24449
908,0.19878,0.16332,0.24449
911,0.19878,0.16332,0.24449
914,0.28136,0.16332,0.24449
916,7.37382,5.35559,0.24914
918,7.47276,5.57062,9.9273
922,7.48776,5.57739,9.93928
926,7.48776,5.57739,9.93928
929,7.48776,5.57739,9.93928
935,7.48776,5.57739,9.93928
941,7.48776,5.57739,9.93928
946,7.48776,5.57739,9.93928
948,7.48776,5.57739,9.93928
952,7.48776,5.57739,9.93928
956,7.48776,5.57739,9.93928
960,7.48776,5.57739,9.93928
962,7.48776,5.57739,9.93928
966,7.48776,5.57739,9.93928
969,7.48776,5.57739,9.93928
974,7.48776,5.57739,9.93928
984,7.48776,5.57739,9.93928
992,7.48776,5.57739,9.93928
996,7.48776,5.57739,9.93928
997,7.48776,5.57739,9.93928
1004,7.48776,5.57739,9.93928
1011,7.48776,5.57739,9.93928
1012,7.48776,5.57739,9.93928
1022,7.48776,5.57739,9.93928
1032,7.48776,5.57739,9.93928
1033,7.48776,5.57739,9.93928
1034,7.48776,5.57739,9.93928
1040,7.48776,5.57739,9.93928
1048,7.48776,5.57739,9.93928
1052,7.48776,5.57739,9.93928
1056,7.48776,5.57739,9.93928
1059,7.48776,5.57739,9.93928
1060,7.48776,5.57739,9.93928
1062,7.48776,5.57739,9.93928
1065,7.48776,5.57739,9.93928
1068,7.48776,5.57739,9.93928
1069,7.48776,5.57739,9.93928
1071,7.48776,5.57739,9.93928
1074,7.48776,5.57739,9.93928
1077,7.48776,5.57739,9.93928
1084,7.48776,5.57739,9.93928
1090,7.48776,5.57739,9.93928
1098,7.48776,5.57739,9.93928
1110,7.48776,5.57739,9.93928
1122,7.48776,5.57739,9.93928
1128,7.48776,5.57739,9.93928
1134,7.48776,5.57739,9.93928
1138,7.48776,5.57739,9.93928
1140,7.48776,5.57739,9.93928
1144,7.48776,5.57739,9.93928
1148,7.48776,5.57739,9.93928
1152,7.48776,5.57739,9.93928
1153,7.48776,5.57739,9.93928
1158,7.48776,5.57739,9.93928
1168,7.48776,5.57739,9.93928
1174,7.48776,5.57739,9.93928
1178,7.48776,5.57739,9.93928
1180,7.48776,5.57739,9.93928
1184,7.48776,5.57739,9.93928
1196,7.48776,5.57739,9.93928
1208,7.48776,5.57739,9.93928
1214,7.48776,5.57739,9.93928
1218,7.48776,5.57739,9.93928
1220,7.48776,5.57739,9.93928
1222,7.48776,5.57739,9.93928
1224,7.48776,5.57739,9.93928
1228,7.48776,5.57739,9.93928
1232,7.48776,5.57739,9.93928
1234,7.48776,5.57739,9.93928
1236,7.48776,5.57739,9.93928
1238,7.48776,5.57739,9.93928
1239,7.48776,5.57739,9.93928
1242,7.48776,5.57739,9.93928
1244,7.48776,5.57739,9.93928
1246,7.48776,5.57739,9.93928
1249,7.48776,5.57739,9.93928
1252,7.48776,5.57739,9.93928
1254,7.48776,5.57739,9.93928
1258,7.48776,5.57739,9.93928
1262,7.48776,5.57739,9.93928
1268,7.48776,5.57739,9.93928
1272,7.48776,5.57739,9.93928
1278,7.48776,5.57739,9.93928
1284,7.48776,5.57739,9.93928
1284,7.48776,5.57739,9.93928
1288,7.48776,5.57739,9.93928
1296,7.48776,5.57739,9.93928
1302,7.48776,5.57739,9.93928
1307,7.48776,5.57739,9.93928
1312,7.48776,5.57739,9.93928
1316,7.48776,5.57739,9.93928
1319,7.48776,5.57739,9.93928
1324,7.48776,5.57739,9.93928
1330,7.48776,5.57739,9.93928
1335,7.48776,5.57739,9.93928
1336,7.48776,5.57739,9.93928
1338,7.48776,5.57739,9.93928
1343,7.48776,5.57739,9.93928
1354,7.48776,5.57739,9.93928
1368,7.48776,5.57739,9.93928
1376,7.48776,5.57739,9.93928
1376,7.48776,5.57739,9.93928
1388,7.48776,5.57739,9.93928
1400,7.48776,5.57739,9.93928
1407,7.48776,5.57739,9.93928
1419,7.48776,5.57739,9.93928
1430,7.48776,5.57739,9.93928
1438,7.48776,5.57739,9.93928
1440,7.48776,5.57739,9.93928
1444,7.48776,5.57739,9.93928
1449,7.48776,5.57739,9.93928
1452,7.48776,5.57739,9.93928
1452,7.48776,5.57739,9.93928
1454,7.48776,5.57739,9.93928
1456,7.48776,5.57739,9.93928
1459,7.48776,5.57739,9.93928
1484,7.48776,5.57739,9.93928
1508,7.48776,5.57739,9.93928
1512,7.48776,5.57739,9.93928
1516,7.48776,5.57739,9.93928
1521,7.48776,5.57739,9.93928
1524,7.48776,5.57739,9.93928
1524,7.48776,5.57739,9.93928
1526,7.48776,5.57739,9.93928
1528,7.48776,5.57739,9.93928
1528,7.48776,5.57739,9.93928
1540,7.48776,5.57739,9.93928
1552,7.48776,5.57739,9.93928
1559,7.48776,5.57739,9.93928
1570,7.48776,5.57739,9.93928
1576,7.48776,5.57739,9.93928
1578,7.48776,5.57739,9.93928
1580,7.48776,5.57739,9.93928
1585,7.48776,5.57739,9.93928
1588,7.48776,5.57739,9.93928
1608,7.48776,5.57739,9.93928
1626,7.48776,5.57739,9.93928
1628,7.48776,5.57739,9.93928
1630,7.48776,5.57739,9.93928
1634,7.48776,5.57739,9.93928
1646,7.48776,5.57739,9.93928
1660,7.48776,5.57739,9.93928
1668,7.48776,5.57739,9.93928
1672,7.48776,5.57739,9.93928
1674,7.48776,5.57739,9.93928
1678,7.48776,5.57739,9.93928
1684,7.48776,5.57739,9.93928
1688,7.48776,5.57739,9.93928
1692,7.48776,5.57739,9.93928
1694,7.48776,5.57739,9.93928
1698,7.48776,5.57739,9.93928
1706,7.48776,5.57739,9.93928
1714,7.48776,5.57739,9.93928
1724,7.48776,5.57739,9.93928
1741,7.48776,5.57739,9.93928
1750,7.48776,5.57739,9.93928
1752,7.48776,5.57739,9.93928
1754,7.48776,5.57739,9.93928
1760,7.48776,5.57739,9.93928
1765,7.48776,5.57739,9.93928
1772,7.48776,5.57739,9.93928
1778,7.48776,5.57739,9.93928
1784,7.48776,5.57739,9.93928
1796,7.48776,5.57739,9.93928
1806,7.48776,5.57739,9.93928
1812,7.48776,5.57739,9.93928
1816,7.48776,5.57739,9.93928
1826,7.48776,5.57739,9.93928
1836,7.48776,5.57739,9.93928
1846,7.48776,5.57739,9.93928
1854,7.48776,5.57739,9.93928
1856,7.48776,5.57739,9.93928
1864,7.48776,5.57739,9.93928
1872,7.48776,5.57739,9.93928
1874,7.48776,5.57739,9.93928
1878,7.48776,5.57739,9.93928
1886,7.48776,5.57739,9.93928
1896,7.48776,5.57739,9.93928
1904,7.48776,5.57739,9.93928
1905,7.48776,5.57739,9.93928
1908,7.48776,5.57739,9.93928
1912,7.48776,5.57739,9.93928
1916,7.48776,5.57739,9.93928
1919,7.48776,5.57739,9.93928
1922,7.48776,5.57739,9.93928
1926,7.48776,5.57739,9.93928
1932,7.48776,5.57739,9.93928
1950,7.48776,5.57739,9.93928
1970,7.48776,5.57739,9.93928
1988,7.48776,5.57739,9.93928
2002,7.48776,5.57739,9.93928
2002,7.48776,5.57739,9.93928
2004,7.48776,5.57739,9.93928
2017,7.48776,5.57739,9.93928
2037,7.48776,5.57739,9.93928
2046,7.48776,5.57739,9.93928
2048,7.48776,5.57739,9.93928
2059,7.48776,5.57739,9.93928
2069,7.48776,5.57739,9.93928
2070,7.48776,5.57739,9.93928
2072,7.48776,5.57739,9.93928
2081,7.48776,5.57739,9.93928
2092,7.48776,5.57739,9.93928
2102,7.48776,5.57739,9.93928
2112,7.48776,5.57739,9.93928
2116,7.48776,5.57739,9.93928
2121,7.48776,5.57739,9.93928
2128,7.48776,5.57739,9.93928
2136,7.48776,5.57739,9.93928
2138,7.48776,5.57739,9.93928
2140,7.48776,5.57739,9.93928
2142,7.48776,5.57739,9.93928
2144,7.48776,5.57739,9.93928
2148,7.48776,5.57739,9.93928
2152,7.48776,5.57739,9.93928
2155,7.48776,5.57739,9.93928
2161,7.48776,5.57739,9.93928
2167,7.48776,5.57739,9.93928
2172,7.48776,5.57739,9.93928
2174,7.48776,5.57739,9.93928
2178,7.48776,5.57739,9.93928
2180,7.48776,5.57739,9.93928
2185,7.48776,5.57739,9.93928
2191,7.48776,5.57739,9.93928
2196,7.48776,5.57739,9.93928
2198,7.48776,5.57739,9.93928
2202,7.48776,5.57739,9.93928
2208,7.48776,5.57739,9.93928
2215,7.48776,5.57739,9.93928
2226,7.48776,5.57739,9.93928
2238,7.48776,5.57739,9.93928
2246,7.48776,5.57739,9.93928
2252,7.48776,5.57739,9.93928
2264,7.48776,5.57739,9.93928
2272,7.48776,5.57739,9.93928
2280,7.48776,5.57739,9.93928
2287,7.48776,5.57739,9.93928
2292,7.48776,5.57739,9.93928
2294,7.48776,5.57739,9.93928
2299,7.48776,5.57739,9.93928
2302,7.48776,5.57739,9.93928
2308,7.48776,5.57739,9.93928
2312,7.48776,5.57739,9.93928
2316,7.48776,5.57739,9.93928
2320,7.48776,5.57739,9.93928
2322,7.48776,5.57739,9.93928
2326,7.48776,5.57739,9.93928
2332,7.48776,5.57739,9.93928
2338,7.48776,5.57739,9.93928
2344,7.48776,5.57739,9.93928
2352,7.48776,5.57739,9.93928
2358,7.48776,5.57739,9.93928
2366,7.48776,5.57739,9.93928
2370,7.48776,5.57739,9.93928
2372,7.48776,5.57739,9.93928
2374,7.48776,5.57739,9.93928
2376,7.48776,5.57739,9.93928
2380,7.48776,5.57739,9.93928
2382,7.48776,5.57739,9.93928
2386,7.48776,5.57739,9.93928
2388,7.48776,5.57739,9.93928
2394,7.48776,5.57739,9.93928
2405,7.48776,5.57739,9.93928
2414,7.48776,5.57739,9.93928
2422,7.48776,5.57739,9.93928
2428,7.48776,5.57739,9.93928
2436,7.48776,5.57739,9.93928
2444,7.48776,5.57739,9.93928
2446,7.48776,5.57739,9.93928
2457,7.48776,5.57739,9.93928
2469,7.48776,5.57739,9.93928
2476,7.48776,5.57739,9.93928
2480,7.48776,5.57739,9.93928
2485,7.48776,5.57739,9.93928
2492,7.48776,5.57739,9.93928
2500,7.48776,5.57739,9.93928
2506,7.48776,5.57739,9.93928
2510,7.48776,5.57739,9.93928
2514,7.48776,5.57739,9.93928
2519,7.48776,5.57739,9.93928
2525,7.48776,5.57739,9.93928
2530,7.48776,5.57739,9.93928
2536,7.48776,5.57739,9.93928
2542,7.48776,5.57739,9.93928
2544,7.48776,5.57739,9.93928
2546,7.48776,5.57739,9.93928
2550,7.48776,5.57739,9.93928
2552,7.48776,5.57739,9.93928
2556,7.48776,5.57739,9.93928
2558,7.48776,5.57739,9.93928
2560,7.48776,5.57739,9.93928
2562,7.48776,5.57739,9.93928
2567,7.48776,5.57739,9.93928
2570,7.48776,5.57739,9.93928
2572,7.48776,5.57739,9.93928
2575,7.48776,5.57739,9.93928
2577,7.48776,5.57739,9.93928
2582,7.48776,5.57739,9.93928
2588,7.48776,5.57739,9.93928
2596,7.48776,5.57739,9.93928
2604,7.48776,5.57739,9.93928
2606,7.48776,5.57739,9.93928
2612,7.48776,5.57739,9.93928
2620,7.48776,5.57739,9.93928
2626,7.48776,5.57739,9.93928
2638,7.48776,5.57739,9.93928
2648,7.48776,5.57739,9.93928
2654,7.48776,5.57739,9.93928
2660,7.48776,5.57739,9.93928
2668,7.48776,5.57739,9.93928
2676,7.48776,5.57739,9.93928
2680,7.48776,5.57739,9.93928
2682,7.48776,5.57739,9.93928
2684,7.48776,5.57739,9.93928
2685,7.48776,5.57739,9.93928
2688,7.48776,5.57739,9.93928
2691,7.48776,5.57739,9.93928
2694,7.48776,5.57739,9.93928
2696,7.48776,5.57739,9.93928
2698,7.48776,5.57739,9.93928
2708,7.48776,5.57739,9.93928
2718,7.48776,5.57739,9.93928
2720,7.48776,5.57739,9.93928
2724,7.48776,5.57739,9.93928
2729,7.48776,5.57739,9.93928
2734,7.48776,5.57739,9.93928
2736,7.48776,5.57739,9.93928
2738,7.48776,5.57739,9.93928
2740,7.48776,5.57739,9.93928
2742,7.48776,5.57739,9.93928
2748,7.48776,5.57739,9.93928
2754,7.48776,5.57739,9.93928
2759,7.48776,5.57739,9.93928
2762,7.48776,5.57739,9.93928
2766,7.48776,5.57739,9.93928
2770,7.48776,5.57739,9.93928
2776,7.48776,5.57739,9.93928
2780,7.48776,5.57739,9.93928
2782,7.48776,5.57739,9.93928
2788,7.48776,5.57739,9.93928
2794,7.48776,5.57739,9.93928
2800,7.48776,5.57739,9.93928
2802,7.48776,5.57739,9.93928
2804,7.48776,5.57739,9.93928
2810,7.48776,5.57739,9.93928
2818,7.48776,5.57739,9.93928
2824,7.48776,5.57739,9.93928
2830,7.48776,5.57739,9.93928
2836,7.48776,5.57739,9.93928
2839,7.48776,5.57739,9.93928
2842,7.48776,5.57739,9.93928
2846,7.48776,5.57739,9.93928
2850,7.48776,5.57739,9.93928
2854,7.48776,5.57739,9.93928
2856,7.48776,5.57739,9.93928
2859,7.48776,5.57739,9.93928
2862,7.48776,5.57739,9.93928
2867,7.48776,5.57739,9.93928
2872,7.48776,5.57739,9.93928
2875,7.48776,5.57739,9.93928
2880,7.48776,5.57739,9.93928
2884,7.48776,5.57739,9.93928
2886,7.48776,5.57739,9.93928
2890,7.48776,5.57739,9.93928
2894,7.48776,5.57739,9.93928
2898,7.48776,5.57739,9.93928
2901,7.48776,5.57739,9.93928
2909,7.48776,5.57739,9.93928
2918,7.48776,5.57739,9.93928
2924,7.48776,5.57739,9.93928
2928,7.48776,5.57739,9.93928
2932,7.48776,5.57739,9.93928
2938,7.48776,5.57739,9.93928
2944,7.48776,5.57739,9.93928
2946,7.48776,5.57739,9.93928
2950,7.48776,5.57739,9.93928
2955,7.48776,5.57739,9.93928
2962,7.48776,5.57739,9.93928
2972,7.48776,5.57739,9.93928
2980,7.48776,5.57739,9.93928
2983,7.48099,5.57313,9.93928
2986,7.44241,5.47868,9.93928
2986,7.35853,5.19836,9.93928
2990,6.40443,0.76892,9.93928
2994,4.77145,0.66483,9.76814
2996,3.46619,0.63836,9.49634
3002,2.62845,0.62906,9.08677
3008,1.64028,0.61683,8.86511
3013,1.21828,0.61683,8.06851
3021,1.08506,0.61683,6.72714
3026,1.06782,0.61683,5.93068
3026,1.01984,0.61683,5.46985
3028,0.97634,0.61546,1.46571
3030,0.903,0.61546,1.37478
3032,0.89418,0.61546,1.26596
3042,0.89418,0.61546,1.25988
3050,0.89418,0.61546,1.25988
3052,0.89418,0.61546,1.25988
3054,0.89418,0.61546,1.25988
3056,0.89418,0.61546,1.25988
3062,0.89418,0.61546,1.25988
3067,0.89418,0.61546,1.25988
3072,0.89418,0.61546,1.25988
3076,0.89418,0.61546,1.25988
3077,0.89418,0.61546,1.25988
3079,0.89418,0.61546,1.25988
3084,0.89418,0.61546,1.25988
3088,0.89418,0.61546,1.25988
3093,0.89418,0.61546,1.25988
3102,0.89418,0.61546,1.25988
3110,0.89418,0.61546,1.25988
3114,0.89418,0.61546,1.25988
3117,0.89418,0.61546,1.25988
3122,0.89418,0.61546,1.25988
3126,0.89418,0.61546,1.25988
3132,0.89418,0.61546,1.25988
3138,0.89418,0.61546,1.25988
3140,0.89418,0.61546,1.25988
3142,0.89418,0.61546,1.25988
3149,0.89418,0.61546,1.25988
3154,0.89418,0.61546,1.25988
3160,0.89418,0.61546,1.25988
3164,0.89318,0.61232,1.25988
3171,0.89192,0.61147,1.25988
3178,0.89192,0.61147,1.25525
3190,1.14503,0.61147,1.25525
3204,1.67938,0.61546,7.03138
3213,1.9195,0.61546,9.53053
3220,5.48114,0.64794,9.6768
3222,7.17673,0.82357,11.28362
3227,7.57793,1.02627,11.40483
3230,7.76157,5.28334,11.40483
3234,7.80935,5.42671,11.42365
3238,7.80935,5.42671,11.52146
3240,7.80935,5.42671,11.52146
3242,7.80935,5.42671,11.52146
3244,7.80935,5.42671,11.52146
3247,7.80935,5.42671,11.52146
3248,7.80935,5.42671,11.52146
3255,7.80935,5.42671,11.52146
3262,7.80935,5.42671,11.52146
3265,7.80935,5.42671,11.52146
3268,7.80935,5.42671,11.52146
3272,7.80935,5.42671,11.52146
3276,7.80935,5.42671,11.52146
3282,7.80935,5.42671,11.52146
3291,7.80935,5.42671,11.52146
3295,7.80935,5.42671,11.52146
3296,7.80935,5.42671,11.52146
3298,7.80935,5.42671,11.52146
3302,7.80935,5.42671,11.52146
3306,7.80935,5.42671,11.52146
3310,7.80935,5.42671,11.52146
3314,7.80935,5.42671,11.52146
3316,7.80935,5.42671,11.52146
3321,7.80935,5.42671,11.52146
3329,7.80935,5.42671,11.52146
3335,7.80935,5.42671,11.52146
3337,7.80935,5.42671,11.52146
3340,7.80935,5.42671,11.52146
3343,7.80935,5.42671,11.52146
3344,7.80935,5.42671,11.52146
3346,7.80935,5.42671,11.52146
3349,7.80935,5.42671,11.52146
3350,7.80935,5.42671,11.52146
3352,7.80935,5.42671,11.52146
3352,7.80935,5.42671,11.52146
3354,7.80935,5.42671,11.52146
3359,7.80935,5.42671,11.52146
3364,7.80935,5.42671,11.52146
3368,7.80935,5.42671,11.52146
3375,7.80935,5.42671,11.52146
3380,7.80935,5.42671,11.52146
3382,7.80935,5.42671,11.52146
3384,7.80935,5.42671,11.52146
3388,7.80935,5.42671,11.52146
3390,7.80935,5.42671,11.52146
3394,7.80935,5.42671,11.52146
3402,7.80935,5.42671,11.52146
3410,7.80935,5.42671,11.52146
3412,7.80935,5.42671,11.52146
3414,7.80935,5.42671,11.52146
3416,7.80935,5.42671,11.52146
3420,7.80935,5.42671,11.52146
3424,7.80935,5.42671,11.52146
3426,7.80935,5.42671,11.52146
3431,7.80935,5.42671,11.52146
3436,7.80935,5.42671,11.52146
3441,7.80935,5.42671,11.52146
3447,7.80935,5.42671,11.52146
3453,7.80935,5.42671,11.52146
3464,7.80935,5.42671,11.52146
3474,7.80935,5.42671,11.52146
3484,7.80935,5.42671,11.52146
3490,7.80935,5.42671,11.52146
3500,7.80935,5.42671,11.52146
3511,7.80935,5.42671,11.52146
3512,7.80935,5.42671,11.52146
3519,7.80935,5.42671,11.52146
3526,7.80935,5.42671,11.52146
3528,7.80935,5.42671,11.52146
3533,7.80935,5.42671,11.52146
3538,7.80935,5.42671,11.52146
3542,7.80935,5.42671,11.52146
3546,7.80935,5.42671,11.52146
3549,7.80935,5.42671,11.52146
3554,7.80935,5.42671,11.52146
3564,7.80935,5.42671,11.52146
3576,7.80935,5.42671,11.52146
3588,7.80935,5.42671,11.52146
3600,7.80935,5.42671,11.52146
3612,7.80935,5.42671,11.52146
3622,7.80935,5.42671,11.52146
3626,7.80935,5.42671,11.52146
3628,7.80935,5.42671,11.52146
3632,7.80935,5.42671,11.52146
3634,7.80935,5.42671,11.52146
3635,7.80935,5.42671,11.52146
3638,7.80935,5.42671,11.52146
3641,7.80935,5.42671,11.52146
3650,7.80935,5.42671,11.52146
3668,7.80935,5.42671,11.52146
3679,7.80935,5.42671,11.52146
3682,7.80935,5.42671,11.52146
3687,7.80935,5.42671,11.52146
3692,7.80935,5.42671,11.52146
3696,7.80935,5.42671,11.52146
3704,7.80935,5.42671,11.52146
3710,7.80935,5.42671,11.52146
3712,7.80935,5.42671,11.52146
3717,7.80935,5.42671,11.52146
3720,7.80935,5.42671,11.52146
3722,7.80935,5.42671,11.52146
3726,7.80935,5.42671,11.52146
3731,7.80935,5.42671,11.52146
3736,7.80935,5.42671,11.52146
3740,7.80935,5.42671,11.52146
3746,7.80935,5.42671,11.52146
3752,7.80935,5.42671,11.52146
3756,7.80935,5.42671,11.52146
3759,7.80935,5.42671,11.52146
3764,7.80935,5.42671,11.52146
3768,7.80935,5.42671,11.52146
3772,7.80935,5.42671,11.52146
3776,7.80935,5.42671,11.52146
3780,7.80935,5.42671,11.52146
3794,7.80935,5.42671,11.52146
3808,7.80935,5.42671,11.52146
3812,7.80935,5.42671,11.52146
3822,7.80935,5.42671,11.52146
3832,7.80935,5.42671,11.52146
3836,7.80935,5.42671,11.52146
3841,7.80935,5.42671,11.52146
3844,7.80935,5.42671,11.52146
3851,7.80935,5.42671,11.52146
3860,7.80935,5.42671,11.52146
3864,7.80935,5.42671,11.52146
3866,7.80935,5.42671,11.52146
3871,7.80935,5.42671,11.52146
3877,7.80935,5.42671,11.52146
3882,7.80935,5.42671,11.52146
3888,7.80935,5.42671,11.52146
3901,7.80935,5.42671,11.52146
3914,7.80935,5.42671,11.52146
3922,7.80935,5.42671,11.52146
3926,7.80935,5.42671,11.52146
3932,7.80935,5.42671,11.52146
3938,7.80935,5.42671,11.52146
3942,7.80935,5.42671,11.52146
3945,7.80935,5.42671,11.52146
3948,7.80935,5.42671,11.52146
3950,7.80935,5.42671,11.52146
3952,7.80935,5.42671,11.52146
3954,7.80935,5.42671,11.52146
3960,7.80935,5.42671,11.52146
3970,7.80935,5.42671,11.52146
3978,7.80935,5.42671,11.52146
3979,7.80935,5.42671,11.52146
3982,7.80935,5.42671,11.52146
3988,7.80935,5.42671,11.52146
3994,7.80935,5.42671,11.52146
3998,7.80935,5.42671,11.52146
4000,7.80935,5.42671,11.52146
4002,7.80935,5.42671,11.52146
4004,7.80935,5.42671,11.52146
4007,7.80935,5.42671,11.52146
4010,7.80935,5.42671,11.52146
4012,7.80935,5.42671,11.52146
4014,7.80935,5.42671,11.52146
4016,7.80935,5.42671,11.52146
4018,7.80935,5.42671,11.52146
4022,7.80935,5.42671,11.52146
4027,7.80935,5.42671,11.52146
4036,7.80935,5.42671,11.52146
4044,7.80935,5.42671,11.52146
4045,7.80935,5.42671,11.52146
4047,7.80935,5.42671,11.52146
4048,7.80935,5.42671,11.52146
4052,7.80935,5.42671,11.52146
4060,7.80935,5.42671,11.52146
4075,7.80935,5.42671,11.52146
4086,7.80935,5.42671,11.52146
4092,7.80935,5.42671,11.52146
4098,7.80935,5.42671,11.52146
4105,7.80935,5.42671,11.52146
4113,7.80935,5.42671,11.52146
4120,7.80935,5.42671,11.52146
4128,7.80935,5.42671,11.52146
4130,7.80935,5.42671,11.52146
4132,7.80935,5.42671,11.52146
4138,7.80935,5.42671,11.52146
4144,7.80935,5.42671,11.52146
4154,7.80935,5.42671,11.52146
4162,7.80935,5.42671,11.52146
4168,7.80935,5.42671,11.52146
4178,7.80935,5.42671,11.52146
4186,7.80935,5.42671,11.52146
4205,7.80935,5.42671,11.52146
4232,7.80935,5.42671,11.52146
4252,7.80935,5.42671,11.52146
4266,7.80935,5.42671,11.52146
4274,7.80935,5.42671,11.52146
4278,7.80935,5.42671,11.52146
4287,7.80935,5.42671,11.52146
4295,7.80935,5.42671,11.52146
4297,7.80935,5.42671,11.52146
4311,7.80935,5.42671,11.52146
4326,7.80935,5.42671,11.52146
4334,7.80935,5.42671,11.52146
4352,7.80935,5.42671,11.52146
4367,7.80935,5.42671,11.52146
4380,7.80935,5.42671,11.52146
4392,7.80935,5.42671,11.52146
4397,7.80935,5.42671,11.52146
4403,7.80935,5.42671,11.52146
4407,7.80935,5.42671,11.52146
4408,7.80935,5.42671,11.52146
4414,7.80935,5.42671,11.52146
4421,7.80935,5.42671,11.52146
4427,7.80935,5.42671,11.52146
4432,7.80935,5.42671,11.52146
4436,7.80935,5.42671,11.52146
4440,7.80935,5.42671,11.52146
4446,7.80935,5.42671,11.52146
4450,7.80935,5.42671,11.52146
4452,7.80935,5.42671,11.52146
4472,7.80935,5.42671,11.52146
4498,7.80935,5.42671,11.52146
4507,7.80935,5.42671,11.52146
4510,7.80935,5.42671,11.52146
4518,7.80935,5.42671,11.52146
4524,7.80935,5.42671,11.52146
4529,7.80935,5.42671,11.52146
4534,7.80935,5.42671,11.52146
4535,7.80935,5.42671,11.52146
4540,7.80935,5.42671,11.52146
4544,7.80935,5.42671,11.52146
4550,7.80935,5.42671,11.52146
4554,7.80935,5.42671,11.52146
4559,7.80935,5.42671,11.52146
4563,7.80935,5.42671,11.52146
4570,7.80935,5.42671,11.52146
4580,7.80935,5.42671,11.52146
4585,7.80935,5.42671,11.52146
4590,7.80935,5.42671,11.52146
4595,7.80935,5.42671,11.52146
4598,7.80935,5.42671,11.52146
4602,7.80935,5.42671,11.52146
4604,7.80935,5.42671,11.52146
4606,7.80935,5.42671,11.52146
4608,7.80935,5.42671,11.52146
4618,7.80935,5.42671,11.52146
4628,7.80935,5.42671,11.52146
4631,7.80935,5.42671,11.52146
4634,7.80935,5.42671,11.52146
4634,7.80935,5.42671,11.52146
4636,7.80935,5.42671,11.52146
4642,7.80935,5.42671,11.52146
4650,7.80935,5.42671,11.52146
4654,7.80935,5.42671,11.52146
4656,7.80935,5.42671,11.52146
4658,7.80935,5.42671,11.52146
4660,7.80935,5.42671,11.52146
4668,7.80935,5.42671,11.52146
4684,7.80935,5.42671,11.52146
4699,7.80935,5.42671,11.52146
4710,7.80935,5.42671,11.52146
4714,7.80935,5.42671,11.52146
4723,7.80935,5.42671,11.52146
4732,7.80935,5.42671,11.52146
4734,7.80935,5.42671,11.52146
4736,7.80935,5.42671,11.52146
4738,7.80935,5.42671,11.52146
4741,7.80935,5.42671,11.52146
4748,7.80935,5.42671,11.52146
4758,7.80935,5.42671,11.52146
4762,7.80935,5.42671,11.52146
4765,7.80935,5.42671,11.52146
4770,7.80935,5.42671,11.52146
4776,7.80935,5.42671,11.52146
4780,7.80935,5.42671,11.52146
4784,7.80935,5.42671,11.52146
4786,7.80935,5.42671,11.52146
4788,7.80935,5.42671,11.52146
4790,7.80935,5.42671,11.52146
4793,7.80935,5.42671,11.52146
4797,7.80935,5.42671,11.52146
4804,7.80935,5.42671,11.52146
4810,7.80935,5.42671,11.52146
4819,7.80935,5.42671,11.52146
4826,7.80935,5.42671,11.52146
4830,7.80935,5.42671,11.52146
4838,7.80935,5.42671,11.52146
4854,7.80935,5.42671,11.52146
4878,7.80935,5.42671,11.52146
4896,7.80935,5.42671,11.52146
4899,7.80935,5.42671,11.52146
4902,7.80935,5.42671,11.52146
4904,7.79763,5.40349,11.52146
4906,7.7842,5.38765,11.52146
4908,7.70161,5.01451,11.52146
4911,6.89607,0.39151,11.52146
4914,0.66879,0.21034,11.36426
4916,0.47049,0.21034,5.51806
4922,0.47049,0.21034,0.97117
4930,0.47049,0.21034,0.97117
4936,0.47049,0.21034,0.97117
4938,0.47049,0.21034,0.97117
4944,0.47049,0.21034,0.97117
4949,0.47049,0.21034,0.97117
4953,0.47049,0.21034,0.97117
4962,0.47049,0.21034,0.97117
4970,0.47939,0.21034,0.97117
4972,0.52769,0.2108,1.01416
4972,0.85158,0.21379,1.09685
4974,3.00363,0.23715,7.1907
4976,5.40737,0.41158,10.21071
4976,5.46652,0.42056,11.29361
4979,5.58169,0.43125,11.29693
4982,7.48823,0.53478,11.42713
4989,8.62209,2.5825,12.16355
4995,8.6505,2.73761,12.20402
5000,8.66957,2.79699,12.20402
5006,8.68851,3.00115,12.20402
5008,8.68851,3.00115,12.20402
5012,8.69882,3.08892,12.20402
5018,8.70724,3.09097,12.20402
5024,8.70724,3.09097,12.20402
5029,8.70724,3.09097,12.20402
5037,8.70724,3.09097,12.20402
5042,8.70724,3.09097,12.20402
5042,8.70724,3.09097,12.20402
5044,8.70724,3.09097,12.20402
5048,8.70724,3.09097,12.20402
5054,8.7129,3.13285,12.20402
5061,8.73316,3.47923,12.20402
5074,8.76842,3.82026,12.22756
5084,8.79603,5.24225,12.27584
5086,8.80362,5.51929,12.2973
5091,8.81135,5.58508,12.2973
5101,8.88761,6.08118,12.2973
5108,8.89648,6.10374,12.41557
5110,8.93687,6.16959,12.41557
5110,8.94255,6.17038,12.41557
5114,8.94255,6.17038,12.41557
5118,8.95873,6.18098,12.41557
5120,8.95873,6.18098,12.41557
5120,8.96598,6.20905,12.41557
5124,8.97879,6.21982,12.41557
5130,8.97879,6.21982,12.4678
5136,8.97879,6.21982,12.4678
5143,8.97879,6.21982,12.4678
5148,8.97879,6.21982,12.4678
5150,8.97879,6.21982,12.4678
5152,8.97879,6.21982,12.4678
5154,8.97879,6.21982,12.4678
5158,8.97879,6.21982,12.4678
5162,8.97879,6.21982,12.4678
5164,8.97879,6.21982,12.4678
5166,8.97879,6.21982,12.4678
5173,8.97879,6.21982,12.4678
5181,8.97879,6.21982,12.4678
5186,8.97879,6.21982,12.4678
5187,8.97879,6.21982,12.4678
5188,8.98475,6.22064,12.4678
5192,8.98475,6.22064,12.4678
5194,8.98475,6.22064,12.4678
5196,8.98475,6.22064,12.4678
5196,8.98475,6.22064,12.4678
5202,8.98475,6.22064,12.4678
5208,8.98475,6.22064,12.4678
5213,8.98475,6.22064,12.4678
5219,8.98475,6.22064,12.4678
5230,8.98475,6.22064,12.4678
5240,8.98475,6.22064,12.4678
5250,8.98475,6.22064,12.4678
5260,8.98475,6.22064,12.4678
5262,8.98475,6.22064,12.4678
5268,8.98475,6.22064,12.4678
5275,8.98475,6.22064,12.4678
5281,8.98475,6.22064,12.4678
5286,8.98475,6.22064,12.4678
5294,8.98475,6.22064,12.4678
5304,8.98475,6.22064,12.4678
5317,8.98475,6.22064,12.4678
5330,8.98475,6.22064,12.4678
5332,8.98776,6.22385,12.4678
5338,8.98776,6.22385,12.4678
5342,8.98776,6.22385,12.4678
5345,8.98776,6.22385,12.4678
5350,8.98776,6.22385,12.4678
5354,8.98776,6.22385,12.4678
5356,8.98776,6.22385,12.4678
5356,8.98776,6.22385,12.4678
5359,8.98776,6.22385,12.4678
5362,8.98776,6.22385,12.4678
5363,8.98776,6.22385,12.4678
5370,8.98776,6.22385,12.4678
5376,8.98776,6.22385,12.4678
5378,8.98776,6.22385,12.4678
5384,8.98776,6.22385,12.4678
5392,8.98776,6.22385,12.4678
5398,8.98776,6.22385,12.4678
5402,8.98776,6.22385,12.4678
5406,8.98776,6.22385,12.4678
5415,8.98776,6.22385,12.4678
5432,8.98776,6.22385,12.4678
5444,8.98776,6.22385,12.4678
5452,8.98776,6.22385,12.4678
5471,8.98776,6.22385,12.4678
5484,8.98776,6.22385,12.4678
5490,8.98776,6.22385,12.4678
5496,8.98776,6.22385,12.4678
5498,8.98776,6.22385,12.4678
5500,8.98776,6.22385,12.4678
5508,8.98776,6.22385,12.4678
5548,8.98776,6.22385,12.4678
5588,8.98776,6.22385,12.4678
5598,8.98776,6.22385,12.4678
5606,8.98776,6.22385,12.4678
5614,8.98776,6.22385,12.4678
5619,8.98776,6.22385,12.4678
5622,8.98776,6.22385,12.4678
5625,8.98776,6.22385,12.4678
5628,8.98776,6.22385,12.4678
5632,8.98776,6.22385,12.4678
5638,8.98776,6.22385,12.4678
5646,8.98776,6.22385,12.4678
5650,8.98776,6.22385,12.4678
5650,8.98776,6.22385,12.4678
5652,8.98776,6.22385,12.4678
5652,8.98776,6.22385,12.4678
5656,8.98776,6.22385,12.4678
5660,8.98776,6.22385,12.4678
5662,8.98776,6.22385,12.4678
5662,8.98776,6.22385,12.4678
5666,8.98776,6.22385,12.4678
5669,8.98776,6.22385,12.4678
5674,8.98776,6.22385,12.4678
5678,8.98776,6.22385,12.4678
5680,8.98776,6.22385,12.4678
5682,8.98776,6.22385,12.4678
5684,8.98776,6.22385,12.4678
5686,8.98776,6.22385,12.4678
5691,8.98776,6.22385,12.4678
5704,8.98776,6.22385,12.4678
5720,8.98776,6.22385,12.4678
5734,8.98776,6.22385,12.4678
5742,8.98776,6.22385,12.4678
5744,8.98776,6.22385,12.4678
5750,8.98776,6.22385,12.4678
5756,8.98776,6.22385,12.4678
5759,8.98776,6.22385,12.4678
5763,8.98776,6.22385,12.4678
5764,8.98776,6.22385,12.4678
5766,8.98776,6.22385,12.4678
5766,8.98776,6.22385,12.4678
5776,8.98776,6.22385,12.4678
5786,8.98776,6.22385,12.4678
5789,8.98776,6.22385,12.4678
5792,8.98776,6.22385,12.4678
5795,8.98776,6.22385,12.4678
5799,8.98776,6.22385,12.4678
5803,8.98776,6.22385,12.4678
5804,8.98776,6.22385,12.4678
5806,8.98776,6.22385,12.4678
5808,8.98776,6.22385,12.4678
5812,8.98776,6.22385,12.4678
5824,8.98776,6.22385,12.4678
5836,8.98776,6.22385,12.4678
5841,8.98776,6.22385,12.4678
5853,8.98776,6.22385,12.4678
5868,8.98776,6.22385,12.4678
5876,8.98776,6.22385,12.4678
5884,8.98776,6.22385,12.4678
5890,8.98776,6.22385,12.4678
5892,8.98776,6.22385,12.4678
5894,8.98776,6.22385,12.4678
5898,8.98776,6.22385,12.4678
5902,8.98776,6.22385,12.4678
5906,8.98776,6.22385,12.4678
5912,8.98776,6.22385,12.4678
5920,8.98776,6.22385,12.4678
5928,8.98776,6.22385,12.4678
5932,8.98776,6.22385,12.4678
5935,8.98776,6.22385,12.4678
5938,8.98776,6.22385,12.4678
5944,8.98776,6.22385,12.4678
5948,8.98776,6.22385,12.4678
5950,8.98776,6.22385,12.4678
5954,8.98776,6.22385,12.4678
5962,8.98776,6.22385,12.4678
5968,8.98776,6.22385,12.4678
5972,8.98776,6.22385,12.4678
5980,8.98776,6.22385,12.4678
5986,8.98776,6.22385,12.4678
5991,8.98776,6.22385,12.4678
5998,8.98776,6.22385,12.4678
6003,8.98776,6.22385,12.4678
6006,8.98776,6.22385,12.4678
6011,8.98776,6.22385,12.4678
6017,8.98776,6.22385,12.4678
6023,8.98776,6.22385,12.4678
6030,8.98776,6.22385,12.4678
6037,8.98776,6.22385,12.4678
6046,8.98776,6.22385,12.4678
6054,8.98776,6.22385,12.4678
6062,8.98776,6.22385,12.4678
6068,8.98776,6.22385,12.4678
6074,8.98776,6.22385,12.4678
6078,8.98776,6.22385,12.4678
6082,8.98776,6.22385,12.4678
6088,8.98776,6.22385,12.4678
6097,8.98776,6.22385,12.4678
6105,8.98776,6.22385,12.4678
6110,8.98776,6.22385,12.4678
6114,8.98776,6.22385,12.4678
6125,8.98776,6.22385,12.4678
6139,8.98776,6.22385,12.4678
6146,8.98776,6.22385,12.4678
6150,8.98776,6.22385,12.4678
6156,8.98776,6.22385,12.4678
6162,8.98776,6.22385,12.4678
6170,8.98776,6.22385,12.4678
6240,8.98776,6.22385,12.4678
6312,8.98776,6.22385,12.4678
6324,8.98776,6.22385,12.4678
6328,8.98776,6.22385,12.4678
6331,8.98776,6.22385,12.4678
6334,8.98776,6.22385,12.4678
6336,8.98776,6.22385,12.4678
6338,8.98776,6.22385,12.4678
6345,8.98776,6.22385,12.4678
6352,8.98776,6.22385,12.4678
6352,8.98776,6.22385,12.4678
6355,8.98776,6.22385,12.4678
6362,8.98776,6.22385,12.4678
6369,8.98776,6.22385,12.4678
6374,8.98776,6.22385,12.4678
6378,8.98776,6.22385,12.4678
6384,8.98776,6.22385,12.4678
6392,8.98776,6.22385,12.4678
6396,8.98776,6.22385,12.4678
6398,8.98776,6.22385,12.4678
6402,8.98776,6.22385,12.4678
6405,8.98776,6.22385,12.4678
6408,8.98776,6.22385,12.4678
6410,8.98776,6.22385,12.4678
6412,8.98776,6.22385,12.4678
6414,8.98776,6.22385,12.4678
6466,8.98776,6.22385,12.4678
6518,8.98776,6.22385,12.4678
6520,8.98776,6.22385,12.4678
6522,8.98776,6.22385,12.4678
6524,8.98776,6.22385,12.4678
6528,8.98776,6.22385,12.4678
6532,8.98776,6.22385,12.4678
6532,8.98776,6.22385,12.4678
6534,8.98776,6.22385,12.4678
6540,8.98776,6.22385,12.4678
6547,8.98776,6.22385,12.4678
6552,8.98776,6.22385,12.4678
6558,8.98776,6.22385,12.4678
6562,8.98776,6.22385,12.4678
6564,8.98776,6.22385,12.4678
6566,8.98776,6.22385,12.4678
6568,8.98776,6.22385,12.4678
6580,8.98776,6.22385,12.4678
6592,8.98776,6.22385,12.4678
6597,8.98776,6.22385,12.4678
6607,8.98776,6.22385,12.4678
6620,8.98776,6.22385,12.4678
6627,8.98776,6.22385,12.4678
6630,8.98776,6.22385,12.4678
6631,8.98776,6.22385,12.4678
6635,8.98776,6.22385,12.4678
6640,8.98776,6.22385,12.4678
6644,8.98776,6.22385,12.4678
6647,8.98776,6.22385,12.4678
6652,8.98776,6.22385,12.4678
6658,8.98776,6.22385,12.4678
6666,8.98776,6.22385,12.4678
6672,8.98776,6.22385,12.4678
6680,8.98776,6.22385,12.4678
6690,8.98776,6.22385,12.4678
6696,8.98776,6.22385,12.4678
6699,8.98776,6.22385,12.4678
6704,8.98776,6.22385,12.4678
6708,8.98776,6.22385,12.4678
6710,8.98776,6.22385,12.4678
6715,8.98776,6.22385,12.4678
6721,8.98776,6.22385,12.4678
6722,8.98776,6.22385,12.4678
6724,8.98776,6.22385,12.4678
6726,8.98776,6.22385,12.4678
6727,8.98776,6.22385,12.4678
6732,8.98776,6.22385,12.4678
6740,8.98776,6.22385,12.4678
6746,8.98776,6.22385,12.4678
6748,8.98776,6.22385,12.4678
6750,8.98776,6.22385,12.4678
6754,8.98776,6.22385,12.4678
6758,8.98776,6.22385,12.4678
6760,8.98776,6.22385,12.4678
6762,8.98776,6.22385,12.4678
6768,8.98776,6.22385,12.4678
6774,8.98776,6.22385,12.4678
6778,8.98776,6.22385,12.4678
6781,8.98776,6.22385,12.4678
6782,8.98776,6.22385,12.4678
6784,8.98776,6.22385,12.4678
6788,8.98776,6.22385,12.4678
6792,8.98776,6.22385,12.4678
6802,8.98776,6.22385,12.4678
6812,8.98776,6.22385,12.4678
6818,8.98776,6.22385,12.4678
6823,8.98776,6.22385,12.4678
6827,8.98776,6.22385,12.4678
6834,8.98776,6.22385,12.4678
6843,8.98776,6.22385,12.4678
6850,8.98776,6.22385,12.4678
6854,8.98776,6.22385,12.4678
6858,8.98776,6.22385,12.4678
6862,8.98776,6.22385,12.4678
6864,8.98776,6.22385,12.4678
6866,8.98776,6.22385,12.4678
6876,8.98776,6.22385,12.4678
6888,8.98776,6.22385,12.4678
6893,8.98776,6.22385,12.4678
6896,8.98776,6.22385,12.4678
6898,8.98776,6.22385,12.4678
6900,8.98776,6.22385,12.4678
6902,8.98776,6.22385,12.4678
6906,8.98776,6.22385,12.4678
6908,8.98776,6.22385,12.4678
6915,8.98776,6.22385,12.4678
6922,8.98776,6.22385,12.4678
6924,8.98776,6.22385,12.4678
6926,8.98776,6.22385,12.4678
6928,8.98776,6.22385,12.4678
6930,8.98776,6.22385,12.4678
6933,8.98776,6.22385,12.4678
6936,8.98776,6.22385,12.4678
6937,8.98776,6.22385,12.4678
6942,8.98776,6.22385,12.4678
6946,8.98776,6.22385,12.4678
6946,8.98776,6.22385,12.4678
6949,8.98776,6.22385,12.4678
6958,8.98776,6.22385,12.4678
6966,8.98776,6.22385,12.4678
6968,8.98776,6.22385,12.4678
6976,8.98776,6.22385,12.4678
6980,8.98776,6.22385,12.4678
6982,8.98776,6.22385,12.4678
6986,8.98776,6.22385,12.4678
6989,8.98776,6.22385,12.4678
6992,8.98776,6.22385,12.4678
6995,8.98776,6.22385,12.4678
6998,8.98776,6.22385,12.4678
7000,8.98776,6.22385,12.4678
7003,8.98776,6.22385,12.4678
7006,8.98776,6.22385,12.4678
7010,8.98776,6.22385,12.4678
7016,8.98776,6.22385,12.4678
7036,8.98776,6.22385,12.4678
7060,8.98776,6.22385,12.4678
7069,8.98776,6.22385,12.4678
7073,8.98776,6.22385,12.4678
7078,8.98776,6.22385,12.4678
7084,8.98776,6.22385,12.4678
7086,8.98776,6.22385,12.4678
7089,8.98776,6.22385,12.4678
7092,8.98776,6.22385,12.4678
7093,8.98776,6.22385,12.4678
7094,8.98776,6.22385,12.4678
7096,8.98776,6.22385,12.4678
7100,8.98776,6.22385,12.4678
7104,8.98776,6.22385,12.4678
7108,8.98776,6.22385,12.4678
7112,8.98776,6.22385,12.4678
7116,8.98776,6.22385,12.4678
7120,8.98776,6.22385,12.4678
7126,8.98776,6.22385,12.4678
7132,8.98776,6.22385,12.4678
7138,8.98776,6.22385,12.4678
7140,8.98776,6.22385,12.4678
7142,8.98776,6.22385,12.4678
7148,8.98776,6.22385,12.4678
7154,8.98776,6.22385,12.4678
7159,8.98776,6.22385,12.4678
7208,8.98776,6.22385,12.4678
7256,8.98776,6.22385,12.4678
7259,8.98776,6.22385,12.4678
7263,8.98776,6.22385,12.4678
7266,8.98776,6.22385,12.4678
7270,8.98776,6.22385,12.4678
7274,8.98776,6.22385,12.4678
7278,8.98776,6.22385,12.4678
7282,8.98776,6.22385,12.4678
7286,8.98776,6.22385,12.4678
7290,8.98776,6.22385,12.4678
7295,8.98776,6.22385,12.4678
7298,8.98776,6.22385,12.4678
7300,8.98776,6.22385,12.4678
7300,8.98776,6.22385,12.4678
7302,8.98776,6.22385,12.4678
7306,8.98776,6.22385,12.4678
7308,8.98776,6.22385,12.4678
7312,8.98776,6.22385,12.4678
7319,8.98776,6.22385,12.4678
7322,8.98776,6.22385,12.4678
7327,8.98776,6.22385,12.4678
7336,8.98776,6.22385,12.4678
7345,8.98776,6.22385,12.4678
7354,8.98776,6.22385,12.4678
7360,8.98776,6.22385,12.4678
7366,8.98776,6.22385,12.4678
7373,8.98776,6.22385,12.4678
7377,8.98776,6.22385,12.4678
7382,8.98776,6.22385,12.4678
7410,8.98776,6.22385,12.4678
7440,8.98776,6.22385,12.4678
7448,8.98776,6.22385,12.4678
7450,8.98776,6.22385,12.4678
7454,8.98776,6.22385,12.4678
7458,8.98776,6.22385,12.4678
7463,8.98776,6.22385,12.4678
7468,8.98776,6.22385,12.4678
7472,8.98776,6.22385,12.4678
7474,8.98776,6.22385,12.4678
7476,8.98776,6.22385,12.4678
7477,8.98776,6.22385,12.4678
7484,8.98776,6.22385,12.4678
7492,8.98776,6.22385,12.4678
7495,8.98776,6.22385,12.4678
7499,8.98776,6.22385,12.4678
7505,8.98776,6.22385,12.4678
7508,8.98776,6.22385,12.4678
7513,8.98776,6.22385,12.4678
7519,8.98776,6.22385,12.4678
7522,8.98776,6.22385,12.4678
7526,8.98776,6.22385,12.4678
7540,8.98776,6.22385,12.4678
7552,8.98776,6.22385,12.4678
7555,8.98776,6.22385,12.4678
7558,8.98776,6.22385,12.4678
7565,8.98776,6.22385,12.4678
7573,8.98776,6.22385,12.4678
7575,8.98776,6.22385,12.4678
7578,8.98776,6.22385,12.4678
7586,8.98776,6.22385,12.4678
7594,8.98776,6.22385,12.4678
7596,8.98776,6.22385,12.4678
7599,8.98776,6.22385,12.4678
7610,8.98776,6.22385,12.4678
7622,8.98776,6.22385,12.4678
7627,8.98776,6.22385,12.4678
7638,8.98776,6.22385,12.4678
7650,8.98776,6.22385,12.4678
7658,8.98776,6.22385,12.4678
7663,8.98776,6.22385,12.4678
7664,8.98776,6.22385,12.4678
7666,8.98776,6.22385,12.4678
7674,8.98776,6.22385,12.4678
7684,8.98776,6.22385,12.4678
7688,8.98776,6.22385,12.4678
7692,8.98776,6.22385,12.4678
7700,8.98776,6.22385,12.4678
7712,8.98776,6.22385,12.4678
7716,8.98776,6.22385,12.4678
7720,8.98776,6.22385,12.4678
7725,8.98776,6.22385,12.4678
7729,8.98776,6.22385,12.4678
7734,8.98776,6.22385,12.4678
7738,8.98776,6.22385,12.4678
7742,8.98776,6.22385,12.4678
7746,8.98776,6.22385,12.4678
7753,8.98776,6.22385,12.4678
7760,8.98776,6.22385,12.4678
7762,8.98776,6.22385,12.4678
7762,8.98776,6.22385,12.4678
7774,8.98776,6.22385,12.4678
7790,8.98776,6.22385,12.4678
7798,8.98776,6.22385,12.4678
7806,8.98776,6.22385,12.4678
7812,8.98776,6.22385,12.4678
7819,8.98776,6.22385,12.4678
7824,8.98776,6.22385,12.4678
7826,8.98776,6.22385,12.4678
7834,8.98776,6.22385,12.4678
7842,8.98776,6.22385,12.4678
7844,8.98776,6.22385,12.4678
7846,8.98776,6.22385,12.4678
7856,8.98776,6.22385,12.4678
7868,8.98776,6.22385,12.4678
7876,8.98776,6.22385,12.4678
7884,8.98776,6.22385,12.4678
7890,8.98776,6.22385,12.4678
7896,8.98776,6.22385,12.4678
7900,8.98776,6.22385,12.4678
7904,8.98776,6.22385,12.4678
7908,8.98776,6.22385,12.4678
7916,8.98776,6.22385,12.4678
7921,8.98776,6.22385,12.4678
7924,8.98776,6.22385,12.4678
7926,8.98776,6.22385,12.4678
7930,8.98776,6.22385,12.4678
7936,8.98776,6.22385,12.4678
7938,8.98776,6.22385,12.4678
7941,8.98776,6.22385,12.4678
7952,8.98776,6.22385,12.4678
7962,8.98776,6.22385,12.4678
7970,8.98776,6.22385,12.4678
7976,8.98776,6.22385,12.4678
7978,8.98776,6.22385,12.4678
7982,8.98776,6.22385,12.4678
7984,8.98776,6.22385,12.4678
7986,8.98776,6.22385,12.4678
7990,8.98776,6.22385,12.4678
7999,8.98776,6.22385,12.4678
8009,8.98776,6.22385,12.4678
8012,8.98776,6.22385,12.4678
8014,8.98776,6.22385,12.4678
8016,8.98776,6.22385,12.4678
8019,8.98776,6.22385,12.4678
8022,8.98776,6.22385,12.4678
8026,8.98776,6.22385,12.4678
8028,8.98776,6.22385,12.4678
8031,8.98776,6.22385,12.4678
8034,8.98776,6.22385,12.4678
8038,8.98776,6.22385,12.4678
8042,8.98776,6.22385,12.4678
8045,8.98776,6.22385,12.4678
8048,8.98776,6.22385,12.4678
8050,8.98776,6.22385,12.4678
8054,8.98776,6.22385,12.4678
8058,8.98776,6.22385,12.4678
8059,8.98776,6.22385,12.4678
8061,8.98776,6.22385,12.4678
8066,8.98776,6.22385,12.4678
8070,8.98776,6.22385,12.4678
8073,8.98776,6.22385,12.4678
8076,8.98776,6.22385,12.4678
8078,8.98776,6.22385,12.4678
8080,8.98776,6.22385,12.4678
8081,8.98776,6.22385,12.4678
8083,8.98776,6.22385,12.4678
8086,8.98776,6.22385,12.4678
8092,8.98776,6.22385,12.4678
8096,8.98776,6.22385,12.4678
8100,8.98776,6.22385,12.4678
8104,8.98776,6.22385,12.4678
8106,8.98776,6.22385,12.4678
8110,8.98776,6.22385,12.4678
8120,8.9673,6.21982,12.4678
8126,8.95586,6.20905,12.4678
8130,8.7011,0.91238,12.4678
8135,7.63668,0.5987,12.41557
8144,7.18241,0.56126,12.22756
8152,6.97885,0.55719,12.20376
8154,6.81474,0.54984,12.18449
8162,5.74239,0.47757,12.18449
8171,5.38779,0.47403,12.04481
8174,4.93306,0.45632,11.66528
8176,4.03366,0.43593,11.29693
8179,2.84281,0.39682,10.59678
8180,2.78426,0.39594,9.03361
8186,2.73923,0.39594,8.93226
8195,2.73467,0.39594,8.81467
8202,2.72858,0.39594,8.79195
8209,2.72858,0.39594,8.72338
8218,2.70492,0.39594,8.72338
8228,2.70492,0.39594,8.70671
8235,2.70492,0.39594,8.70671
8238,2.70492,0.39594,8.70671
8240,2.70492,0.39594,8.70671
8244,2.70492,0.39594,8.70671
8250,2.70492,0.39594,8.70671
8258,2.7242,0.39682,8.70671
8260,2.99265,0.39818,8.70671
8264,3.41719,0.40667,8.70671
8268,4.63509,0.47438,8.70671
8270,5.05058,0.53489,8.70671
8271,5.2641,0.59342,8.70671
8272,5.41745,0.68954,8.70671
8274,5.52596,0.81213,8.70671
8277,5.60992,3.70917,8.70671
8278,5.64494,3.78069,8.70671
8280,5.64942,3.7959,8.70671
8280,5.65297,3.79661,8.70671
8282,5.65771,3.80452,8.70671
8284,5.65771,3.80452,8.70671
8286,5.65771,3.80452,8.70671
8288,5.65771,3.80452,8.70671
8292,5.65771,3.80452,8.70671
8298,5.65771,3.80452,8.70671
8301,5.65771,3.80452,8.70671
8305,5.65771,3.80452,8.70671
8309,5.65771,3.80452,8.70671
8312,5.65771,3.80452,8.70671
8315,5.65771,3.80452,8.70671
8320,5.65771,3.80452,8.70671
8326,5.65771,3.80452,8.70671
8329,5.65771,3.80452,8.70671
8332,5.65771,3.80452,8.70671
8334,5.65771,3.80452,8.70671
8339,5.65771,3.80452,8.70671
8347,5.65771,3.80452,8.70671
8354,5.65771,3.80452,8.70671
8356,5.65771,3.80452,8.70671
8361,5.65771,3.80452,8.70671
8368,5.65771,3.80452,8.70671
8370,5.65771,3.80452,8.70671
8372,5.65771,3.80452,8.70671
8379,5.65771,3.80452,8.70671
8386,5.65771,3.80452,8.70671
8388,5.65771,3.80452,8.70671
8390,5.65771,3.80452,8.70671
8392,5.65771,3.80452,8.70671
8397,5.65771,3.80452,8.70671
8402,5.65245,3.79661,8.70671
8407,5.65245,3.79661,8.70671
8409,5.65245,3.79661,8.70671
8412,5.65245,3.79661,8.70671
8416,5.65245,3.79661,8.70671
8420,5.65245,3.79661,8.70671
8423,5.65245,3.79661,8.70671
8448,5.65245,3.79661,8.70671
8476,5.65245,3.79661,8.70671
8482,5.65245,3.79661,8.70671
8484,5.65245,3.79661,8.70671
8486,5.65245,3.79661,8.70671
8490,5.65245,3.79661,8.70671
8493,5.65245,3.79661,8.70671
8494,5.65245,3.79661,8.70671
8496,5.65245,3.79661,8.70671
8496,5.65245,3.79661,8.70671
8500,5.65245,3.79661,8.70671
8504,5.65245,3.79661,8.70671
8506,5.65245,3.79661,8.70671
8508,5.65245,3.79661,8.70671
8512,5.65245,3.79661,8.70671
8515,5.65245,3.79661,8.70671
8520,5.65245,3.79661,8.70671
8522,5.65245,3.79661,8.70671
8526,5.65245,3.79661,8.70671
8532,5.65245,3.79661,8.70671
8534,5.65245,3.79661,8.70671
8536,5.65245,3.79661,8.70671
8541,5.65245,3.79661,8.70671
8549,5.65245,3.79661,8.70671
8553,5.65245,3.79661,8.70671
8556,5.65245,3.79661,8.70671
8560,5.65245,3.79661,8.70671
8562,5.60959,3.7497,8.70671
8564,5.51779,3.65603,8.43845
8568,5.45532,3.186,8.40645
8576,5.45532,3.186,8.32243
8584,5.45532,3.186,8.32243
8586,5.45532,3.186,8.32243
8592,5.45532,3.186,8.32243
8596,5.4959,3.67402,8.32243
8598,5.5137,3.70917,8.32243
8600,5.52952,3.7277,8.32243
8604,5.53809,3.7497,8.32243
8610,5.5476,3.76377,8.32243
8613,5.55074,3.76377,8.32243
8616,5.55074,3.76377,8.32243
8618,5.55074,3.76377,8.32243
8620,5.55074,3.76377,8.32243
8625,5.55074,3.76377,8.32243
8632,5.55074,3.76377,8.32243
8637,5.55074,3.76377,8.32243
8638,5.55074,3.76377,8.32243
8644,5.55074,3.76377,8.32243
8650,5.55074,3.76377,8.32243
8654,5.55074,3.76377,8.32243
8660,5.55074,3.76377,8.32243
8666,5.55074,3.76377,8.32243
8672,5.55074,3.76377,8.32243
8676,5.55074,3.76377,8.32243
8678,5.55074,3.76377,8.32243
8681,5.55074,3.76377,8.32243
8708,5.55074,3.76377,8.32243
8734,5.55074,3.76377,8.32243
8742,5.55074,3.76377,8.32243
8750,5.55074,3.76377,8.32243
8758,5.55074,3.76377,8.32243
8773,5.55074,3.76377,8.32243
8788,5.55074,3.76377,8.32243
8796,5.55074,3.76377,8.32243
8798,5.55074,3.76377,8.32243
8800,5.55074,3.76377,8.32243
8836,5.55074,3.76377,8.32243
8874,5.55074,3.76377,8.32243
8880,5.55074,3.76377,8.32243
8887,5.55074,3.76377,8.32243
8892,5.55074,3.76377,8.32243
8894,5.55074,3.76377,8.32243
8896,5.55074,3.76377,8.32243
8900,5.55074,3.76377,8.32243
8906,5.55074,3.76377,8.32243
8915,5.55074,3.76377,8.32243
8922,5.55074,3.76377,8.32243
8924,5.55074,3.76377,8.32243
8932,5.55074,3.76377,8.32243
8939,5.55074,3.76377,8.32243
8941,5.55074,3.76377,8.32243
8944,5.55074,3.76377,8.32243
8947,5.55074,3.76377,8.32243
8950,5.55074,3.76377,8.32243
8956,5.55074,3.76377,8.32243
8959,5.55074,3.76377,8.32243
8962,5.55074,3.76377,8.32243
8964,5.55074,3.76377,8.32243
8969,5.55074,3.76377,8.32243
8982,5.55074,3.76377,8.32243
8996,5.55074,3.76377,8.32243
9000,5.55074,3.76377,8.32243
9005,5.55074,3.76377,8.32243
9011,5.55074,3.76377,8.32243
9018,5.55074,3.76377,8.32243
9025,5.55074,3.76377,8.32243
9028,5.55074,3.76377,8.32243
9034,5.55074,3.76377,8.32243
9038,5.55074,3.76377,8.32243
9040,5.55074,3.76377,8.32243
9044,5.55074,3.76377,8.32243
9051,5.55074,3.76377,8.32243
9058,5.55074,3.76377,8.32243
9060,5.55074,3.76377,8.32243
9062,5.55074,3.76377,8.32243
9076,5.55074,3.76377,8.32243
9092,5.55074,3.76377,8.32243
9096,5.55074,3.76377,8.32243
9101,5.55074,3.76377,8.32243
9107,5.55074,3.76377,8.32243
9110,5.55074,3.76377,8.32243
9110,5.55074,3.76377,8.32243
9112,5.55074,3.76377,8.32243
9115,5.55074,3.76377,8.32243
9125,5.55074,3.76377,8.32243
9136,5.55074,3.76377,8.32243
9142,5.55074,3.76377,8.32243
9144,5.55074,3.76377,8.32243
9146,5.55074,3.76377,8.32243
9152,5.55074,3.76377,8.32243
9162,5.55074,3.76377,8.32243
9166,5.55074,3.76377,8.32243
9172,5.55074,3.76377,8.32243
9183,5.55074,3.76377,8.32243
9195,5.55074,3.76377,8.32243
9202,5.55074,3.76377,8.32243
9202,5.55074,3.76377,8.32243
9204,5.55074,3.76377,8.32243
9206,5.55074,3.76377,8.32243
9209,5.55074,3.76377,8.32243
9270,5.55074,3.76377,8.32243
9339,5.55074,3.76377,8.32243
9349,5.55074,3.76377,8.32243
9352,5.55074,3.76377,8.32243
9354,5.55074,3.76377,8.32243
9359,5.55074,3.76377,8.32243
9372,5.55074,3.76377,8.32243
9382,5.55074,3.76377,8.32243
9384,5.55074,3.76377,8.32243
9386,5.55074,3.76377,8.32243
9388,5.55074,3.76377,8.32243
9389,5.55074,3.76377,8.32243
9391,5.55074,3.76377,8.32243
9394,5.55074,3.76377,8.32243
9397,5.55074,3.76377,8.32243
9402,5.55074,3.76377,8.32243
9404,5.55074,3.76377,8.32243
9406,5.55074,3.76377,8.32243
9412,5.55074,3.76377,8.32243
9418,5.55074,3.76377,8.32243
9420,5.55074,3.76377,8.32243
9422,5.55074,3.76377,8.32243
9423,5.55074,3.76377,8.32243
9428,5.55074,3.76377,8.32243
9434,5.55074,3.76377,8.32243
9437,5.55074,3.76377,8.32243
9438,5.55074,3.76377,8.32243
9442,5.55074,3.76377,8.32243
9446,5.55074,3.76377,8.32243
9448,5.55074,3.76377,8.32243
9450,5.55074,3.76377,8.32243
9452,5.55074,3.76377,8.32243
9455,5.55074,3.76377,8.32243
9457,5.55074,3.76377,8.32243
9460,5.55074,3.76377,8.32243
9462,5.55074,3.76377,8.32243
9462,5.55074,3.76377,8.32243
9468,5.55074,3.76377,8.32243
9474,5.55074,3.76377,8.32243
9476,5.55074,3.76377,8.32243
9480,5.55074,3.76377,8.32243
9484,5.55074,3.76377,8.32243
9487,5.55074,3.76377,8.32243
9493,5.55074,3.76377,8.32243
9498,5.55074,3.76377,8.32243
9501,5.55074,3.76377,8.32243
9507,5.55074,3.76377,8.32243
9512,5.55074,3.76377,8.32243
9516,5.55074,3.76377,8.32243
9518,5.55074,3.76377,8.32243
9520,5.55074,3.76377,8.32243
9522,5.55074,3.76377,8.32243
9524,5.55074,3.76377,8.32243
9525,5.55074,3.76377,8.32243
9528,5.55074,3.76377,8.32243
9530,5.55074,3.76377,8.32243
9540,5.55074,3.76377,8.32243
9548,5.55074,3.76377,8.32243
9550,5.55074,3.76377,8.32243
